Title,Avg rating,Price,Year,Complexity,Min players,Max players,Min time,Max time,Age,Type
Brass: Birmingham,8.61,84.99,2018,3.89,2,4,60,120,14,Strategy
Pandemic Legacy: Season 1,8.53,49.97,2015,2.83,2,4,60,60,13,Strategy
Gloomhaven,8.61,143.69,2017,3.9,1,4,60,120,14,Strategy
Ark Nova,8.53,58.99,2021,3.74,1,4,90,150,14,Strategy
Twilight Imperium: Fourth Edition,8.61,126.49,2017,4.31,3,6,240,480,14,Strategy
Terraforming Mars,8.37,79.99,2016,3.26,1,5,120,120,12,Strategy
Dune: Imperium,8.42,51.43,2020,3.03,1,4,60,120,14,Strategy
Gloomhaven: Jaws of the Lion,8.47,36.97,2020,3.64,1,4,30,120,14,Strategy
War of the Ring: Second Edition,8.53,74.89,2011,4.21,2,4,150,180,13,Thematic
Star Wars: Rebellion,8.42,90.74,2016,3.74,2,4,180,240,14,Thematic
Spirit Island,8.35,67.31,2017,4.06,1,4,90,120,13,Strategy
Gaia Project,8.39,78.99,2017,4.4,1,4,60,150,12,Strategy
Twilight Struggle,8.25,56.18,2005,3.61,2,2,120,180,13,Strategy
Through the Ages: A New Story of Civilization,8.3,69.73,2015,4.44,2,4,120,120,14,Strategy
Great Western Trail,8.21,39.99,2016,3.7,2,4,75,150,12,Strategy
The Castles of Burgundy,8.13,49.99,2011,2.99,2,4,30,90,12,Strategy
Scythe,8.16,65.92,2016,3.44,1,5,90,115,14,Strategy
7 Wonders Duel,8.1,21.99,2015,2.23,2,2,30,30,10,Strategy
Eclipse: Second Dawn for the Galaxy,8.48,168.88,2020,3.67,2,6,60,200,14,Strategy
Brass: Lancashire,8.19,78.99,2007,3.86,2,4,60,120,14,Strategy
Nemesis,8.28,199.9,2018,3.46,1,5,90,180,12,Thematic
A Feast for Odin,8.18,96.78,2016,3.86,1,4,30,120,12,Strategy
Clank! Legacy: Acquisitions Incorporated,8.56,118.97,2019,2.71,2,4,90,120,13,Thematic
Concordia,8.1,62.92,2013,2.99,2,5,100,100,13,Strategy
Wingspan,8.06,44.99,2019,2.46,1,5,40,70,10,Family
Terra Mystica,8.07,59.97,2012,3.97,2,5,60,150,12,Strategy
Arkham Horror: The Card Game,8.13,23.88,2016,3.53,1,2,60,120,14,Strategy
Lost Ruins of Arnak,8.08,39.99,2020,2.91,1,4,30,120,12,Family
Root,8.08,59.94,2018,3.78,2,4,60,90,10,Strategy
Great Western Trail: Second Edition,8.38,61.44,2021,3.72,1,4,75,150,12,Strategy
Orleans,8.06,54.28,2014,3.03,2,5,90,90,12,Strategy
Everdell,8.04,55,2018,2.81,1,4,40,80,13,Family
Mage Knight Board Game,8.09,61.59,2011,4.36,1,4,60,240,14,Strategy
Viticulture Essential Edition,8,48.63,2015,2.89,1,6,45,90,13,Strategy
Barrage,8.18,33.25,2019,4.1,1,4,60,120,14,Strategy
The Crew: Mission Deep Sea,8.19,27,2021,2.05,2,5,20,20,10,Family
Too Many Bones,8.35,159.95,2017,3.85,1,4,60,120,12,Strategy
Food Chain Magnate,8.07,104,2015,4.2,2,5,120,240,14,Strategy
Pax Pamir: Second Edition,8.22,78.99,2019,3.84,1,5,45,120,13,Strategy
Marvel Champions: The Card Game,8.13,41.99,2019,2.92,1,4,45,90,14,Abstract
Underwater Cities,8.07,61.02,2018,3.6,1,4,80,150,12,Abstract
Puerto Rico,7.92,41.57,2002,3.27,3,5,90,150,12,Strategy
Frosthaven,8.87,199.98,2022,4.34,1,4,30,120,14,Strategy
Caverna: The Cave Farmers,7.96,67.6,2013,3.78,1,7,30,210,12,Strategy
Blood Rage,7.94,84.19,2015,2.88,2,4,60,90,14,Strategy
Cascadia,7.96,29.99,2021,1.83,1,4,30,45,10,Strategy
Anachrony,8.08,41.57,2017,4.02,1,4,30,120,15,Strategy
Agricola,7.88,67.59,2007,3.64,1,5,30,150,12,Strategy
On Mars,8.21,112.49,2020,4.67,1,4,90,150,14,Strategy
Crokinole,8.02,170,1876,1.24,2,4,30,30,8,Family
Kanban EV,8.44,121.49,2020,4.31,1,4,60,180,14,Strategy
Sleeping Gods,8.26,89.88,2021,3.23,1,4,60,1200,13,Thematic
Pandemic Legacy: Season 0,8.42,69.9,2020,3.15,2,4,45,60,14,Strategy
Heat: Pedal to the Metal,8.1,124.99,2022,2.19,1,6,30,60,10,Family
Pandemic Legacy: Season 2,8.04,53.99,2017,3.25,2,4,60,60,14,Strategy
Mansions of Madness: Second Edition,7.96,89.99,2016,2.67,1,5,120,180,14,Thematic
Lisboa,8.2,139.99,2017,4.59,1,4,60,120,12,Strategy
Maracaibo,8.05,58.99,2019,3.9,1,4,30,120,12,Strategy
Tzolk'in: The Mayan Calendar,7.87,59.95,2012,3.67,2,4,90,90,13,Strategy
Power Grid,7.82,44.95,2004,3.26,2,6,120,120,12,Strategy
The Quacks of Quedlinburg,7.83,39.99,2018,1.95,2,4,45,45,10,Family
Clans of Caledonia,7.95,52.16,2017,3.46,1,4,30,120,12,Abstract
Le Havre,7.85,50.65,2008,3.72,1,5,30,150,12,Strategy
Paladins of the West Kingdom,7.99,50.76,2019,3.72,1,4,90,120,12,Strategy
Star Wars: Imperial Assault,7.97,97.93,2014,3.3,1,5,60,120,14,Thematic
The Crew: The Quest for Planet Nine,7.83,14.99,2019,1.96,2,5,20,20,10,Family
The Gallerist,8.03,116.95,2015,4.26,1,4,60,150,13,Strategy
Grand Austria Hotel,7.93,64.99,2015,3.22,2,4,60,120,12,Strategy
Mechs vs. Minions,7.98,130,2016,2.43,2,4,60,120,14,Strategy
Cthulhu: Death May Die,8.17,87.99,2019,2.44,1,5,90,120,14,Thematic
Android: Netrunner,7.88,89.95,2012,3.4,2,2,45,45,14,Abstract
Kingdom Death: Monster,8.5,849,2015,4.27,1,4,60,180,17,Thematic
Azul,7.76,21.7,2017,1.76,2,4,30,45,8,Strategy
Obsession,8.16,56.99,2018,3.11,1,4,30,90,14,Strategy
Agricola (Revised Edition),7.96,67.59,2016,3.46,1,4,30,120,12,Strategy
Race for the Galaxy,7.75,27.38,2007,2.99,2,4,30,60,12,Strategy
Eclipse: New Dawn for the Galaxy,7.84,147.47,2011,3.7,2,6,60,180,14,Strategy
Five Tribes,7.78,55.18,2014,2.85,2,4,40,80,13,Abstract
Aeon's End,7.92,52.79,2016,2.81,1,4,60,60,14,Strategy
Clank!: A Deck-Building Adventure,7.79,59.99,2016,2.22,2,4,30,60,12,Family
Fields of Arle,8.04,68.8,2014,3.86,1,2,60,120,13,Strategy
Teotihuacan: City of Gods,7.88,49.95,2018,3.78,1,4,90,120,14,Strategy
Through the Ages: A Story of Civilization,7.85,99.99,2006,4.18,2,4,120,120,12,Strategy
Beyond the Sun,7.95,44.49,2020,3.14,2,4,60,120,14,Strategy
Lords of Waterdeep,7.73,34.99,2012,2.45,2,5,60,120,12,Strategy
Dominant Species,7.82,72.98,2010,4.04,2,6,120,240,14,Strategy
The Voyages of Marco Polo,7.79,99.99,2015,3.18,2,4,40,100,12,Strategy
Robinson Crusoe: Adventures on the Cursed Island,7.76,50.95,2012,3.81,1,4,60,120,14,Thematic
7 Wonders,7.69,39.99,2010,2.32,2,7,30,30,10,Family
The Search for Planet X,7.98,39.89,2020,2.38,1,4,60,75,13,Strategy
Tainted Grail: The Fall of Avalon,8.11,122.57,2019,3.34,1,4,60,120,14,Thematic
El Grande,7.73,43.08,1995,3.03,2,5,60,120,12,Strategy
Architects of the West Kingdom,7.75,53.56,2018,2.75,1,5,60,80,12,Strategy
The 7th Continent,7.85,69,2017,2.9,1,4,5,1000,14,Thematic
Battlestar Galactica: The Board Game,7.73,52.91,2008,3.25,3,6,120,180,14,Thematic
Decrypto,7.77,24.99,2018,1.81,3,8,15,45,12,Party
Inis,7.82,72.79,2016,2.89,2,4,60,90,14,Strategy
Keyflower,7.73,75.08,2012,3.34,2,6,90,120,12,Strategy
Raiders of the North Sea,7.75,47.94,2015,2.55,2,4,60,80,12,Strategy
Trickerion: Legends of Illusion,7.97,70,2015,4.25,2,4,60,180,14,Strategy
Caylus,7.72,124.99,2005,3.8,2,5,60,150,12,Strategy
Tigris & Euphrates,7.71,52.91,1997,3.5,2,4,90,90,12,Strategy
Dominion: Intrigue,7.69,33.68,2009,2.41,2,6,30,30,13,Strategy
Mombasa,7.85,34.76,2015,3.9,2,4,75,150,12,Strategy
Lorenzo il Magnifico,7.85,49.95,2016,3.29,2,4,60,120,12,Abstract
Troyes,7.72,49.99,2010,3.46,1,4,90,90,12,Strategy
Eldritch Horror,7.76,53.79,2013,3.32,1,8,120,240,14,Thematic
The Lord of the Rings: Journeys in Middle-Earth,7.93,101.31,2019,2.65,1,5,60,120,14,Thematic
Concordia Venus,8.29,66.42,2018,3.02,2,6,60,120,12,Strategy
Twilight Imperium: Third Edition,7.8,178.95,2005,4.26,3,6,180,240,14,Strategy
Russian Railroads,7.74,229.99,2013,3.4,2,4,120,120,13,Strategy
Patchwork,7.6,27.99,2014,1.6,2,2,15,30,8,Abstract
Trajan,7.75,43.84,2011,3.64,2,4,60,120,12,Strategy
Carnegie,8.04,63.85,2022,3.83,1,4,90,120,12,Strategy
Oathsworn: Into the Deepwood,9.08,649.99,2022,3.57,1,4,30,90,14,Thematic
Rising Sun,7.78,109.99,2018,3.3,3,5,90,120,14,Strategy
Dominion,7.6,38.34,2008,2.35,2,4,30,30,13,Strategy
Aeon's End: War Eternal,8.28,38.62,2017,2.92,1,4,60,60,14,Strategy
Dwellings of Eldervale,8.2,75.61,2020,3.26,1,5,60,150,14,Strategy
Age of Steam,7.84,102.12,2002,3.88,1,6,120,120,13,Strategy
Vinhos: Deluxe Edition,8.11,116.2,2016,4.02,1,4,60,135,14,Strategy
The Quest for El Dorado,7.67,27.95,2017,1.93,2,4,30,60,10,Family
Clank! In! Space!: A Deck-Building Adventure,7.8,79.95,2017,2.55,2,4,45,90,12,Family
The Isle of Cats,7.73,34.99,2019,2.36,1,4,60,90,8,Family
Pandemic: Iberia,7.89,45.95,2016,2.58,2,5,45,45,8,Strategy
Hansa Teutonica,7.73,50.37,2009,3.1,2,5,45,90,12,Strategy
Codenames,7.55,12.39,2015,1.26,2,8,15,15,14,Party
Forbidden Stars,7.98,87.71,2015,3.84,2,4,120,180,14,Strategy
Yokohama,7.82,47.62,2016,3.31,2,4,90,90,14,Strategy
Champions of Midgard,7.73,54.99,2015,2.61,2,4,60,90,10,Strategy
PARKS,7.68,44.99,2019,2.13,1,5,30,60,10,Family
Roll for the Galaxy,7.6,52.18,2014,2.78,2,5,45,45,13,Strategy
Cartographers,7.62,19.99,2019,1.88,1,100,30,45,10,Family
Pandemic,7.54,28.43,2008,2.4,2,4,45,45,8,Family
Res Arcana,7.66,34.45,2019,2.63,2,4,30,60,12,Strategy
Targi,7.62,19.93,2012,2.34,2,2,60,60,12,Strategy
SCOUT,7.8,23,2019,1.35,2,5,15,15,9,Family
Watergate,7.8,26.99,2019,2.26,2,2,30,60,12,Strategy
Just One,7.6,16.61,2018,1.04,3,7,20,60,8,Party
Rajas of the Ganges,7.73,45.4,2017,2.89,2,4,45,75,12,Strategy
Alchemists,7.65,59.95,2014,3.93,2,4,120,120,13,Strategy
Star Realms,7.56,11.99,2014,1.93,2,2,20,20,12,Strategy
Ra,7.59,83.17,1999,2.34,2,5,45,60,12,Abstract
It's a Wonderful World,7.69,46.53,2019,2.31,1,5,30,60,14,Strategy
Sherlock Holmes Consulting Detective: The Thames Murders & Other Cases,7.65,57.99,1982,2.68,1,8,60,120,13,Thematic
Kemet,7.66,59.75,2012,3,2,5,90,120,13,Strategy
Praga Caput Regni,7.94,73.99,2020,3.75,1,4,45,150,14,Strategy
Endeavor: Age of Sail,7.9,127.93,2018,2.85,2,5,60,90,13,Strategy
Hadrian's Wall,8.01,54.9,2021,3.13,1,6,30,60,12,Strategy
Stone Age,7.53,54.99,2008,2.46,2,4,60,90,10,Family
Ticket to Ride: Europe,7.53,31.83,2005,1.92,2,5,30,60,8,Family
Legendary Encounters: An Alien Deck Building Game,7.76,52.16,2014,2.7,1,5,30,60,17,Thematic
Terraforming Mars: Ares Expedition,7.7,33.94,2021,2.92,1,4,45,60,14,Strategy
The Lord of the Rings: The Card Game,7.66,74.93,2011,3.21,1,2,30,60,13,Strategy
Marco Polo II: In the Service of the Khan,7.98,58.21,2019,3.38,2,4,60,120,12,Strategy
Star Wars: X-Wing Miniatures Game,7.64,56.99,2012,2.49,2,2,30,45,14,Abstract
Magic: The Gathering,7.57,77.49,1993,3.25,2,2,20,20,13,Strategy
Tyrants of the Underdark,7.91,37.5,2016,2.55,2,4,60,60,14,Strategy
Viscounts of the West Kingdom,7.86,55.8,2020,3.45,1,4,60,90,12,Strategy
Undaunted: Normandy,7.81,42.54,2019,2.25,2,2,45,60,14,Strategy
Istanbul,7.55,69.99,2014,2.58,2,5,40,60,10,Family
Glen More II: Chronicles,7.92,84.99,2019,3.03,2,4,90,120,12,Strategy
That's Pretty Clever!,7.58,20.99,2018,1.88,1,4,30,30,8,Family
Xia: Legends of a Drift System,7.87,90.74,2014,3.19,3,5,60,180,12,Strategy
Splendor Duel,7.98,29.99,2022,1.97,2,2,30,30,10,Family
Welcome To...,7.55,39.95,2018,1.84,1,100,25,25,10,Family
War Chest,7.86,44.58,2018,2.3,2,4,30,30,14,Abstract
Jaipur,7.49,24.99,2009,1.47,2,2,30,30,12,Family
Radlands,7.9,30.99,2021,2.26,2,2,20,40,14,Strategy
Chaos in the Old World,7.66,77.99,2009,3.2,3,4,60,120,13,Strategy
Nemesis: Lockdown,8.38,141.62,2022,3.91,1,5,90,180,12,Thematic
Wingspan Asia,8.36,35.99,2022,2.64,1,2,40,70,10,Family
Dominion (Second Edition),7.85,38.34,2016,2.17,2,4,30,30,14,Strategy
War of the Ring,7.77,78.59,2004,3.84,2,4,120,120,12,Thematic
Final Girl,8.35,19.99,2021,2.63,1,1,20,60,14,Thematic
This War of Mine: The Board Game,7.78,63.49,2017,3.3,1,6,45,120,18,Thematic
Descent: Journeys in the Dark (Second Edition),7.62,199.95,2012,3.21,1,5,120,120,14,Thematic
Azul: Summer Pavilion,7.65,34.9,2019,2.05,2,4,30,45,8,Abstract
Revive,8.18,75.61,2022,3.42,1,4,90,120,14,Strategy
Memoir '44,7.54,57.86,2004,2.28,2,8,30,60,8,Strategy
Hegemony: Lead Your Class to Victory,8.54,324.99,2023,4.12,2,4,90,180,14,Strategy
Unmatched: Cobble & Fog,8,38.79,2020,1.97,2,4,20,40,9,Strategy
Too Many Bones: Undertow,8.69,119.99,2018,4.01,1,2,60,180,12,Strategy
Horrified,7.66,39.99,2019,2.05,1,5,60,60,10,Family
Cosmic Encounter,7.53,55.99,2008,2.59,3,5,60,120,12,Strategy
Railways of the World,7.67,149.99,2005,3.02,2,6,120,120,10,Strategy
Castles of Mad King Ludwig,7.52,50.09,2014,2.65,1,4,90,90,13,Strategy
The Resistance: Avalon,7.52,20.13,2012,1.74,5,10,30,30,13,Party
Sagrada,7.48,39.95,2017,1.92,1,4,30,45,14,Abstract
Sekigahara: The Unification of Japan,8,82.34,2011,2.79,2,2,180,180,14,Strategy
Dune,7.96,50,2019,3.99,2,6,120,180,14,Strategy
The Red Cathedral,7.73,38.25,2020,2.82,1,4,80,80,10,Strategy
Ora et Labora,7.69,69.99,2011,3.89,1,4,60,180,13,Strategy
A Game of Thrones: The Board Game (Second Edition),7.54,40.99,2011,3.72,3,6,120,240,14,Strategy
Ticket to Ride: Nordic Countries,7.63,46.86,2007,1.97,2,3,30,60,8,Family
Clank!: Catacombs,8.33,58.95,2022,2.51,2,4,45,90,13,Family
Star Wars: Outer Rim,7.73,60.85,2019,2.52,1,4,120,180,14,Thematic
Dead of Winter: A Crossroads Game,7.48,35.65,2014,3.01,2,5,60,120,13,Thematic
Suburbia,7.48,69.95,2012,2.77,1,4,60,90,8,Strategy
Commands & Colors: Ancients,7.77,58.04,2006,2.69,2,2,60,60,12,Strategy
Meadow,7.77,29.47,2021,2.23,1,4,60,90,10,Family
Darwin's Journey,8.21,51.4,2023,3.85,1,4,60,120,14,Strategy
Earth,7.75,39.8,2023,2.87,1,5,45,90,13,Strategy
Space Base,7.55,36.01,2018,2.12,2,5,60,60,14,Family
Captain Sonar,7.52,63.49,2016,2.19,2,8,45,60,14,Party
Go,7.65,30.99,-2200,3.93,2,2,30,180,8,Abstract
Village,7.5,159.99,2011,3.07,2,4,60,90,12,Strategy
Welcome to the Moon,8.01,45.45,2021,2.52,1,6,25,30,10,Family
Paleo,7.72,56.87,2020,2.63,1,4,45,60,10,Strategy
Planet Unknown,7.91,129.99,2022,2.23,1,6,60,80,10,Strategy
Splendor,7.42,22.61,2014,1.78,2,4,30,30,10,Family
Modern Art,7.49,113.43,1992,2.29,3,5,45,45,10,Strategy
Star Realms: Colony Wars,7.81,17.95,2015,1.9,2,2,20,20,12,Strategy
Tichu,7.58,13.02,1991,2.34,4,4,60,60,10,Strategy
Carcassonne,7.41,22.67,2000,1.9,2,5,30,45,7,Family
Coimbra,7.63,47.79,2018,3.25,2,4,60,90,14,Strategy
Near and Far,7.69,59.6,2017,2.89,2,4,90,120,13,Thematic
Combat Commander: Europe,7.95,60.48,2006,3.25,2,2,60,180,12,Strategy
Ankh: Gods of Egypt,7.83,70.56,2021,3.09,2,5,90,90,14,Strategy
Calico,7.56,37.79,2020,2.17,1,4,30,45,10,Abstract
Nations,7.61,112.95,2013,3.55,1,5,40,200,14,Strategy
Dinosaur Island,7.58,49.99,2017,3.04,1,4,90,120,8,Strategy
Under Falling Skies,7.69,27.45,2020,2.4,1,1,20,40,12,Strategy
Wonderland's War,8.13,48.38,2022,3,2,5,45,125,13,Strategy
Nidavellir,7.61,39.99,2020,2.1,2,5,45,45,10,Strategy
Paths of Glory,8.05,74.95,1999,3.85,2,2,480,480,14,Strategy
YINSH,7.71,35.88,2003,2.66,2,2,30,60,9,Abstract
My City,7.67,34.95,2020,1.99,2,4,30,30,10,Family
Ticket to Ride,7.4,43.97,2004,1.83,2,5,30,60,8,Family
Cyclades,7.51,70.56,2009,2.82,2,5,60,90,13,Strategy
Aeon's End: Legacy,8.07,101.68,2019,2.86,1,4,45,90,14,Strategy
Codenames: Duet,7.45,24.95,2017,1.36,2,2,15,30,11,Family
La Granja,7.61,45.35,2014,3.57,1,4,90,120,12,Strategy
Secret Hitler,7.51,40,2016,1.74,5,10,45,45,13,Party
The Taverns of Tiefenthal,7.58,58.49,2019,2.67,2,4,60,60,12,Family
Legendary: A Marvel Deck Building Game,7.53,64.99,2012,2.43,1,5,30,60,14,Thematic
Deception: Murder in Hong Kong,7.46,31.84,2014,1.58,4,12,20,20,14,Party
Hanamikoji,7.5,15.09,2013,1.69,2,2,15,15,10,Family
Century: Golem Edition,7.61,39.99,2017,1.69,2,5,30,45,8,Family
MicroMacro: Crime City,7.53,41.95,2020,1.11,1,4,15,45,12,Family
Zombicide: Black Plague,7.62,87.99,2015,2.49,1,6,60,180,14,Thematic
Roll Player,7.46,48.86,2016,2.43,1,4,60,90,10,Strategy
The Princes of Florence,7.51,65,2000,3.24,1,5,75,100,12,Strategy
Sushi Go Party!,7.4,19.97,2016,1.3,2,8,20,20,8,Family
Fantasy Realms,7.53,19.99,2017,1.8,2,6,20,20,14,Family
Flamme Rouge,7.5,62.99,2016,1.68,2,4,30,45,8,Family
Kanban: Driver's Edition,7.79,52.16,2014,4.36,2,4,90,120,12,Strategy
KLASK,7.63,59.99,2014,1.06,2,2,10,10,8,Family
"Unmatched: Battle of Legends, Volume One",7.76,30.22,2019,1.93,2,4,20,40,9,Strategy
Detective: A Modern Crime Board Game,7.68,27.43,2018,2.75,1,5,120,180,16,Thematic
Santorini,7.37,40.09,2016,1.73,2,4,20,20,8,Abstract
Goa: A New Expedition,7.56,55.18,2004,3.37,2,4,90,90,12,Strategy
Isle of Skye: From Chieftain to King,7.4,44.99,2015,2.25,2,5,30,50,8,Family
Chronicles of Crime,7.61,37.77,2018,2.05,1,4,60,90,12,Thematic
Clash of Cultures: Monumental Edition,8.38,99.95,2021,3.65,2,4,180,240,14,Strategy
Glory to Rome,7.49,24.18,2005,2.93,2,5,60,60,12,Abstract
Blood on the Clocktower,8.33,140.66,2022,2.96,5,20,30,120,15,Party
Hallertau,7.92,83.15,2020,3.3,1,4,50,140,12,Strategy
Pulsar 2849,7.67,54,2017,3.35,2,4,60,90,14,Strategy
Great Western Trail: Argentina,8.46,52.49,2022,3.88,1,4,75,150,12,Strategy
7 Wonders (Second Edition),7.87,39.99,2020,2.3,3,7,30,30,10,Family
Hero Realms,7.53,23.5,2016,1.86,2,4,20,20,12,Strategy
1830: Railways & Robber Barons,7.87,76.99,1986,4.16,2,7,180,360,14,Strategy
Camel Up (Second Edition),7.59,34,2018,1.46,3,8,30,45,8,Family
Shogun,7.52,55.18,2006,3.36,3,5,90,120,12,Strategy
Samurai,7.46,38.59,1998,2.47,2,4,30,60,10,Strategy
Galaxy Trucker,7.35,27.95,2007,2.33,2,4,60,60,10,Thematic
Vindication,7.8,169.99,2018,3.08,2,5,45,150,14,Strategy
1960: The Making of the President,7.62,64.26,2007,3.2,2,2,90,120,12,Strategy
Viticulture,7.51,48.63,2013,2.94,2,6,90,90,13,Strategy
Western Legends,7.61,169,2018,2.83,2,6,60,90,14,Thematic
Tapestry,7.45,70.97,2019,2.93,1,5,90,120,12,Strategy
Endless Winter: Paleoamericans,7.79,369.99,2022,3.28,1,4,60,120,12,Strategy
Steam,7.56,29.99,2009,3.46,3,5,90,90,10,Strategy
T.I.M.E Stories,7.4,40.76,2015,2.59,2,4,90,90,12,Thematic
Lewis & Clark: The Expedition,7.45,49.99,2013,3.33,1,5,120,120,14,Strategy
Bora Bora,7.56,199.99,2013,3.73,2,4,60,120,12,Strategy
Kingdomino,7.31,17.43,2016,1.22,2,4,15,25,8,Family
Arcadia Quest,7.62,99.99,2014,2.53,2,4,60,60,13,Thematic
Battle Line,7.41,28.88,2000,1.89,2,2,30,30,12,Strategy
Forgotten Waters,7.85,58.86,2020,2.11,3,7,120,240,14,Thematic
Rococo,7.58,41.57,2013,3.08,2,5,60,120,12,Strategy
Anno 1800: The Board Game,7.75,49.11,2020,3.16,2,4,120,120,12,Strategy
Dixit: Odyssey,7.41,20.99,2011,1.17,3,12,30,30,8,Party
Cryptid,7.46,28.04,2018,2.24,3,5,30,50,10,Family
Seasons,7.36,60.3,2012,2.78,2,4,60,60,14,Strategy
Ethnos,7.46,27.2,2017,2.04,2,6,45,60,14,Strategy
Hive,7.32,42.78,2000,2.32,2,2,20,20,9,Abstract
Return to Dark Tower,8.3,287.59,2022,2.65,1,4,100,120,10,Thematic
Imperial,7.6,53.95,2006,3.56,2,6,120,180,13,Strategy
The Manhattan Project: Energy Empire,7.75,118.9,2016,3.04,1,5,60,120,13,Strategy
Monikers,7.78,24.99,2015,1.08,4,16,30,60,17,Party
Star Realms: Frontiers,7.95,33.95,2018,1.87,1,4,20,45,12,Strategy
Marvel United,7.6,16.99,2020,1.83,1,4,40,40,14,Family
Indonesia,7.88,102.09,2005,3.99,2,5,180,240,14,Strategy
Dice Throne: Season Two,8.08,209.31,2018,2.14,2,6,20,40,8,Family
Cthulhu Wars,7.86,208.99,2015,3.15,2,4,90,120,14,Strategy
Navegador,7.54,129.99,2010,3.08,2,5,60,90,12,Strategy
Power Grid Deluxe: Europe/North America,7.95,71.83,2014,3.19,2,6,120,120,12,Strategy
Dungeon Petz,7.41,40.28,2011,3.62,2,4,90,90,13,Strategy
Age of Empires III: The Age of Discovery,7.51,219.95,2007,3.13,2,5,90,120,10,Strategy
Telestrations,7.38,31.99,2009,1.07,4,8,30,30,12,Party
Onitama,7.36,29.99,2014,1.66,2,2,15,20,10,Strategy
Space Alert,7.4,77.95,2008,2.97,1,5,30,30,12,Thematic
Bitoku,7.86,56.65,2021,3.71,1,4,120,120,12,Strategy
Oath: Chronicles of Empire & Exile,7.82,115.99,2021,4.11,1,6,45,150,10,Strategy
Nemo's War (Second Edition),7.86,40,2017,3.27,1,4,60,120,13,Thematic
Imperial Settlers,7.33,35.95,2014,2.77,1,4,45,90,10,Strategy
Fury of Dracula (Third/Fourth Edition),7.44,42.33,2015,3.28,2,5,120,180,14,Thematic
Glass Road,7.45,111,2013,2.95,1,4,20,80,13,Strategy
Kemet: Blood and Sand,8.01,89.99,2021,3.23,2,5,90,120,13,Strategy
The King's Dilemma,7.8,59.99,2019,2.26,3,5,45,60,14,Thematic
Summoner Wars: Master Set,7.48,195,2011,2.52,2,4,30,60,9,Abstract
"Mind MGMT: The Psychic Espionage ""Game""",7.99,79.98,2021,2.9,1,5,45,75,13,Strategy
Imperial 2030,7.65,72.63,2009,3.51,2,6,120,180,12,Strategy
Aeon's End: The New Age,8.54,48.9,2019,2.95,1,4,60,60,14,Strategy
Arkham Horror (Third Edition),7.7,55.37,2018,3.35,1,6,120,180,14,Thematic
Runewars,7.61,62,2010,3.79,2,4,180,240,14,Strategy
Century: Spice Road,7.31,39.99,2017,1.8,2,5,30,45,8,Family
Alien Frontiers,7.37,84.85,2010,2.57,2,4,90,90,13,Strategy
Survive: Escape from Atlantis!,7.32,39.99,1982,1.7,2,4,45,60,8,Family
Tikal,7.33,59.99,1999,2.78,2,4,90,90,10,Strategy
Heaven & Ale,7.55,114.27,2017,3.2,2,4,60,90,12,Strategy
Love Letter,7.22,19.78,2012,1.19,2,4,20,20,10,Family
Bruges,7.42,34.76,2013,2.75,2,4,60,60,13,Strategy
Lost Cities,7.23,21.78,1999,1.48,2,2,30,30,10,Family
For Sale,7.25,26.43,1997,1.25,3,6,30,30,10,Family
Tiny Epic Galaxies,7.34,28.33,2015,2.15,1,5,30,45,14,Strategy
Exit: The Game â€“ The Abandoned Cab,7.43,14.99,2016,2.55,1,6,60,120,12,Thematic
The Great Zimbabwe,7.83,135.75,2012,3.69,2,5,90,150,14,Strategy
Acquire,7.34,44.91,1963,2.5,2,6,90,90,12,Strategy
Long Shot: The Dice Game,7.68,23.42,2022,1.91,1,8,25,25,14,Family
Bunny Kingdom,7.43,52.99,2017,2.3,2,4,40,60,12,Family
Destinies,7.76,47.98,2021,1.9,1,3,90,150,14,Thematic
Burgle Bros.,7.45,47.62,2015,2.31,1,4,45,90,12,Family
Awkward Guests: The Walton Case,7.59,41.99,2016,2.32,1,8,45,75,12,Family
Antiquity,7.85,19.63,2004,4.32,2,4,120,180,14,Strategy
Star Wars: The Deckbuilding Game,7.95,21.9,2023,2.02,2,2,30,30,12,Strategy
Dead of Winter: The Long Night,7.54,64.95,2016,3.35,2,5,60,120,14,Thematic
Tiletum,7.96,59.99,2022,3.41,1,4,60,100,14,Strategy
Above and Below,7.37,37.49,2015,2.53,2,4,90,90,13,Thematic
Small World,7.21,49.89,2009,2.35,2,5,40,80,8,Family
The King Is Dead: Second Edition,7.67,40,2020,2.12,2,4,30,45,14,Strategy
Arboretum,7.3,21.99,2015,2.14,2,4,30,30,8,Family
Bonfire,7.68,45.39,2020,3.64,1,4,70,100,12,Strategy
Merchants & Marauders,7.4,64.97,2010,3.25,2,4,180,180,13,Thematic
Nusfjord,7.64,61.08,2017,2.84,1,5,20,100,12,Strategy
Neuroshima Hex! 3.0,7.39,39.27,2006,2.61,1,4,30,30,13,Strategy
Chinatown,7.43,37.79,1999,2.25,3,5,60,60,12,Strategy
Lords of Hellas,7.68,79.96,2018,3.34,1,4,60,90,14,Strategy
BattleLore: Second Edition,7.68,64.31,2013,2.71,2,2,45,90,14,Strategy
Dungeon Lords,7.36,91.6,2009,3.57,2,4,90,90,12,Strategy
Tekhenu: Obelisk of the Sun,7.73,54.45,2020,4.06,1,4,60,120,14,Strategy
Skull King,7.51,16.99,2013,1.69,2,8,30,30,8,Family
Barenpark,7.3,44.99,2017,1.66,2,4,30,45,8,Family
Sid Meier's Civilization: The Board Game,7.38,48.23,2010,3.9,2,4,120,240,13,Strategy
Mission: Red Planet (Second Edition),7.41,26.67,2015,2.21,2,6,45,90,14,Strategy
Letters from Whitechapel,7.35,80,2011,2.64,2,6,90,90,14,Strategy
Dixit,7.21,49.97,2008,1.2,3,8,30,30,8,Party
Imperium: Classics,7.72,42.99,2021,3.57,1,4,60,120,14,Strategy
Innovation,7.29,18.5,2010,2.76,2,4,45,60,12,Strategy
Harry Potter: Hogwarts Battle,7.38,49.95,2016,2.07,2,4,30,60,11,Family
So Clover!,7.59,24.97,2021,1.1,3,6,30,30,10,Party
Mysterium,7.23,34.99,2015,1.9,2,7,42,42,10,Family
Takenoko,7.22,42.95,2011,1.98,2,4,45,45,8,Family
Gizmos,7.39,39.99,2018,2,2,4,40,50,14,Family
Cloudspire,8.2,156.61,2019,4.36,1,4,90,180,13,Strategy
Star Wars: Armada,7.82,95.99,2015,3.16,2,2,120,120,14,Thematic
Ghost Stories,7.28,45.4,2008,2.9,1,4,60,60,12,Strategy
Hannibal: Rome vs. Carthage,7.78,89.2,1996,3.45,2,2,40,200,12,Strategy
Raiders of Scythia,7.78,46.67,2020,2.72,1,4,60,80,12,Strategy
Agricola: All Creatures Big and Small,7.34,39.99,2012,2.35,2,2,30,30,13,Strategy
Ginkgopolis,7.51,59.67,2012,2.91,1,5,45,45,13,Strategy
The Resistance,7.22,24.99,2009,1.59,5,10,30,30,13,Party
51st State: Master Set,7.61,157.09,2016,2.9,1,4,60,90,14,Strategy
Altiplano,7.48,55.99,2017,3.3,2,5,60,120,12,Strategy
Love Letter,7.52,12.58,2019,1.13,2,6,20,20,10,Family
Furnace,7.43,39.99,2020,2.3,2,4,30,60,12,Strategy
San Juan,7.23,18.88,2004,2.29,2,4,45,60,10,Strategy
Mage Wars Arena,7.58,109.99,2012,3.68,2,2,90,90,13,Strategy
Flamecraft,7.47,49.95,2022,2.21,1,5,60,60,10,Family
Blood Bowl: Team Manager,7.39,30.99,2011,2.33,2,4,60,120,14,Thematic
Newton,7.56,62.99,2018,3.39,1,4,90,90,14,Strategy
Carpe Diem,7.52,17.99,2018,2.51,2,4,45,75,10,Strategy
Abyss,7.32,46.21,2014,2.32,2,4,30,60,14,Strategy
Notre Dame,7.32,43.46,2007,2.74,2,5,45,75,10,Strategy
The Pillars of the Earth,7.27,19.99,2006,2.81,2,4,90,120,12,Strategy
Gugong,7.45,78,2018,3.08,1,5,60,90,12,Strategy
At the Gates of Loyang,7.36,40.83,2009,3.11,1,4,60,120,10,Strategy
Twice as Clever!,7.45,22.69,2019,2.3,1,4,30,30,10,Family
Pandemic: Fall of Rome,7.63,28.99,2018,2.43,1,5,45,60,8,Strategy
Sidereal Confluence,7.78,48,2017,3.53,4,9,120,180,14,Strategy
Project L,7.48,34.99,2020,1.56,1,4,20,40,8,Abstract
Maria,7.98,25.69,2009,3.56,2,3,210,210,14,Strategy
The Godfather: Corleone's Empire,7.53,97.74,2017,2.64,2,5,60,90,14,Strategy
Summoner Wars (Second Edition),8.17,42.46,2021,2.59,2,2,40,60,9,Strategy
Schotten Totten,7.35,15.99,1999,1.7,2,2,20,20,8,Family
Saint Petersburg,7.27,30.23,2004,2.46,2,4,45,60,10,Strategy
Downforce,7.31,39.95,2017,1.73,2,6,20,40,10,Family
Die Macher,7.6,125,1986,4.31,3,5,240,240,14,Strategy
Evolution: Climate,7.51,23.43,2016,2.75,2,6,60,60,12,Strategy
Smartphone Inc.,7.59,45.38,2018,2.76,1,5,60,90,12,Strategy
Endeavor,7.38,57.49,2009,2.91,3,5,90,90,12,Strategy
Turing Machine,7.79,32.51,2022,2.45,1,4,20,20,14,Strategy
Here I Stand,7.88,68.07,2006,4.18,2,6,180,360,12,Strategy
King of Tokyo,7.14,44.99,2011,1.49,2,6,30,30,8,Family
Ticket to Ride: Marklin,7.41,38.56,2006,2.24,2,5,30,60,8,Family
Cat in the Box: Deluxe Edition,7.63,19.99,2022,2.01,2,5,20,40,13,Family
In the Year of the Dragon,7.3,22.99,2007,3.09,2,5,75,100,12,Strategy
Arkham Horror,7.24,57.47,2005,3.58,1,8,120,240,14,Thematic
Tiny Towns,7.24,37.62,2019,2.06,1,6,45,60,14,Abstract
Bruxelles 1893,7.61,51.45,2013,3.59,2,5,50,125,13,Strategy
London (Second Edition),7.52,80.36,2017,2.73,2,4,60,90,14,Strategy
Azul: Stained Glass of Sintra,7.32,34.98,2018,2,2,4,30,45,8,Abstract
San Juan (Second Edition),7.46,29.48,2014,2.08,2,4,45,60,10,Strategy
Unmatched: Robin Hood vs. Bigfoot,7.94,18.12,2019,1.93,2,2,20,20,9,Strategy
Dice Forge,7.23,44.99,2017,1.97,2,4,45,45,10,Family
Civilization,7.49,80,1980,3.65,2,7,360,360,12,Strategy
Codenames: Pictures,7.2,18.74,2016,1.24,2,8,15,15,10,Party
Skull,7.2,15.1,2011,1.11,3,6,15,45,10,Party
Blitzkrieg!: World War Two in 20 Minutes,7.61,27.21,2019,1.93,1,2,20,45,14,Strategy
Firefly: The Game,7.39,79.99,2013,2.95,1,4,120,240,13,Thematic
Sherlock Holmes Consulting Detective: Jack the Ripper & West End Adventures,7.6,46.39,2016,2.19,1,8,60,120,10,Thematic
Sprawlopolis,7.35,11.31,2018,1.85,1,4,15,20,8,Family
Nippon,7.64,51.42,2015,3.78,2,4,60,120,12,Strategy
Space Hulk (Third Edition),7.53,859.11,2009,2.79,2,2,60,60,12,Thematic
Santa Maria,7.48,59.95,2017,3.04,1,4,45,90,12,Strategy
Spartacus: A Game of Blood and Treachery,7.47,34.77,2012,2.73,3,4,120,180,17,Thematic
Sword & Sorcery,7.91,79.9,2017,4.11,1,5,60,90,12,Thematic
Clash of Cultures,7.58,113.47,2012,3.6,2,4,180,240,14,Strategy
King of Tokyo: Dark Edition,7.7,89.99,2020,1.64,2,6,30,30,8,Family
John Company: Second Edition,8.33,104.35,2022,4.42,1,6,90,240,13,Strategy
Cubitos,7.44,46.64,2021,2.19,2,4,30,60,10,Family
Biblios,7.2,18.12,2007,1.68,2,4,30,30,10,Family
Stockpile,7.47,34.02,2015,2.11,2,5,45,45,13,Strategy
Macao,7.41,179.95,2009,3.13,2,4,50,100,12,Strategy
Chess,7.2,15.99,1475,3.66,2,2,30,360,6,Abstract
Advanced Squad Leader,8.01,31.75,1985,4.74,2,2,120,480,14,Strategy
Fresco,7.25,119.99,2010,2.63,2,4,60,60,10,Family
Mythic Battles: Pantheon,8.34,34.78,2017,3.03,2,4,60,90,14,Strategy
ISS Vanguard,8.69,128.82,2022,3.65,1,4,90,120,13,Thematic
Wavelength,7.29,31.49,2019,1.12,2,12,30,45,14,Party
Claustrophobia,7.48,249.99,2009,2.48,2,2,45,45,14,Thematic
Dune,7.59,42.35,1979,3.44,2,6,60,180,12,Strategy
Mindbug: First Contact,7.76,21.16,2022,1.95,2,2,15,25,8,Family
Marvel United: X-Men,8.11,32.27,2021,2,1,5,40,40,14,Family
Thunderstone Quest,7.78,67.75,2018,2.84,2,4,60,90,14,Strategy
Mice and Mystics,7.24,63.99,2012,2.72,1,4,60,90,7,Thematic
The Manhattan Project,7.33,34.78,2012,2.96,2,5,120,120,13,Strategy
Flash Point: Fire Rescue,7.16,39.99,2011,2.2,2,6,45,45,10,Family
Millennium Blades,7.67,75.23,2016,3.66,2,5,80,120,12,Thematic
Kingsburg,7.18,48.24,2007,2.42,2,5,90,90,13,Family
Boonlake,7.69,54.99,2021,3.78,1,4,80,160,14,Strategy
Imperial Settlers: Empires of the North,7.45,35.95,2019,2.8,1,4,45,90,10,Strategy
Wayfarers of the South Tigris,7.86,51.77,2022,3.81,1,4,60,90,13,Strategy
Honey Buzz,7.61,37.84,2020,2.76,1,4,45,90,10,Family
Pandemic: Reign of Cthulhu,7.37,39.99,2016,2.16,2,4,40,40,14,Strategy
Glen More,7.3,32.51,2010,2.67,2,5,45,70,10,Strategy
Pipeline,7.62,52.94,2019,3.91,2,4,60,120,12,Strategy
Heroscape Master Set: Rise of the Valkyrie,7.45,130,2004,2.3,2,4,90,90,8,Abstract
Lord of the Rings: The Confrontation,7.48,26.45,2005,2.2,2,2,30,30,14,Strategy
Lancaster,7.39,43.86,2011,3,2,5,60,60,10,Strategy
Black Orchestra,7.51,35,2016,2.42,1,5,90,90,14,Thematic
A Few Acres of Snow,7.37,30.24,2011,3.04,2,2,60,90,14,Strategy
Mandala,7.54,28.2,2019,1.8,2,2,20,20,10,Abstract
PitchCar,7.26,83.22,1995,1.13,2,8,30,30,6,Family
Quadropolis,7.23,74.99,2016,2.2,2,4,30,60,8,Family
Dead Reckoning,8.23,83.22,2022,3.36,1,4,90,150,14,Strategy
Point Salad,7.17,15.99,2019,1.15,2,6,15,30,14,Family
Voidfall,8.66,449.99,2023,4.58,1,4,90,240,15,Strategy
IKI,7.68,54.99,2015,3.03,2,4,60,90,14,Strategy
Mystic Vale,7.26,31,2016,2.26,2,4,45,45,14,Strategy
Cartographers Heroes,7.79,17.46,2021,2.04,1,100,30,45,10,Family
Middara: Unintentional Malum - Act 1,8.63,242.17,2019,4.09,1,4,60,60,15,Thematic
Commands & Colors: Napoleonics,8.03,85.04,2010,2.74,2,2,90,90,14,Strategy
Age of Innovation,8.86,118.17,2023,4.27,1,5,40,200,14,Strategy
Descent: Legends of the Dark,7.95,90,2021,2.7,1,4,120,180,14,Thematic
Amerigo,7.44,45.38,2013,2.98,2,4,90,90,10,Strategy
Stuffed Fables,7.46,46.49,2018,2.45,2,4,60,90,7,Family
Pan Am,7.55,28.08,2020,2.41,2,4,60,60,12,Strategy
Colt Express,7.09,25.49,2014,1.83,2,6,40,40,10,Family
Hadara,7.41,45.97,2019,2.2,2,5,45,60,10,Strategy
Fire in the Lake,8.06,71.02,2014,4.12,1,4,180,180,14,Strategy
Citadels,7.26,74.99,2016,2.04,2,8,30,60,10,Family
Amun-Re,7.29,49.92,2003,3.03,3,5,90,90,12,Strategy
The Witcher: Old World,8.1,85.96,2023,2.83,1,5,90,150,14,Thematic
BattleLore,7.35,64.33,2006,2.77,2,2,60,60,10,Thematic
Pandemic: The Cure,7.25,44.85,2014,2.06,2,5,30,30,8,Family
"Air, Land, & Sea",7.46,13.59,2019,1.73,2,2,15,30,14,Strategy
Dawn of the Zeds (Third Edition),8.17,91.96,2016,3.82,1,5,90,120,14,Thematic
No Thanks!,7.08,9.99,2004,1.13,3,7,20,20,8,Family
Charterstone,7.23,51.91,2017,2.84,1,6,45,75,14,Strategy
Exit: The Game - Dead Man on the Orient Express,7.58,14.1,2017,2.73,1,4,60,120,12,Family
Citadels,7.07,24.13,2000,2.05,2,8,20,60,10,Family
Risk Legacy,7.37,68.84,2011,2.59,3,5,60,60,13,Strategy
Deus,7.29,28.9,2014,2.83,2,4,60,90,14,Strategy
Foundations of Rome,8.02,350,2022,1.98,2,4,60,90,13,Strategy
Sheriff of Nottingham,7.08,154.79,2014,1.66,3,5,60,60,14,Family
Zombie Kidz Evolution,7.65,19.64,2018,1.4,2,4,5,15,7,Family
Lords of Vegas,7.35,99.99,2010,2.34,2,4,60,90,12,Strategy
